<?xml version="1.0" encoding="UTF-8"?>
<addon id="repository.luckytv" name="[COLOR white][B]LuckyTv[/B][/COLOR]" version="1.0.0" provider-name="LuckyTv">
        <requires>
            <import addon="xbmc.addon" version="12.0.0"/>
        </requires>
        <extension point="xbmc.addon.repository" name="[COLOR white][B]LuckyTv[/B][/COLOR]">
		<dir>
            <info compressed="false">https://archive.org/download/Luckytv/Plugins/addons.xml</info>
            <checksum>https://archive.org/download/Luckytv/Plugins/addons.xml.md5</checksum>
            <datadir zip="true">https://archive.org/download/Luckytv/Plugins/</datadir>
		</dir>
            <dir>
                <info compressed="false">https://raw.githubusercontent.com/jsergio123/zips/master/addons.xml</info>
                <checksum>https://raw.githubusercontent.com/jsergio123/zips/master/addons.xml.md5</checksum>
                <datadir zip="true">https://raw.githubusercontent.com/jsergio123/zips/master/</datadir>
            </dir>
            <dir>
                <info compressed="false">https://raw.githubusercontent.com/totalrevolution/python-koding/master/zips/addons.xml</info>
                <checksum>https://raw.githubusercontent.com/totalrevolution/python-koding/master/zips/addons.xml.md5</checksum>
                <datadir zip="true">https://raw.githubusercontent.com/totalrevolution/python-koding/master/zips/</datadir>
            </dir>
			<dir>
                <info compressed="false">https://raw.githubusercontent.com/teamuniversal/scrapers/master/_modules4all/zips/addons.xml</info>
                <checksum>https://raw.githubusercontent.com/teamuniversal/scrapers/master/_modules4all/zips/addons.xml.md5</checksum>
                <datadir zip="true">https://raw.githubusercontent.com/teamuniversal/scrapers/master/_modules4all/zips/</datadir>
            </dir>
        </extension>
        <extension point="xbmc.addon.metadata">
            <summary>LuckyTv Repo</summary>
            <description>LuckyTv Repo</description>
            <platform>all</platform>
    </extension>
</addon>