<?xml version="1.1" encoding="UTF-8" standalone="yes"?>
<addon id="plugin.video.luckytvlivetv"
       name="[COLOR green]LuckyTv LiveTv[/COLOR]"
       version="1.1"
       provider-name="LuckyTv">
  <requires>
    <import addon="xbmc.python" version="2.1.0"/>
	<import addon="script.module.requests" />
  </requires>
  <extension point="xbmc.python.pluginsource"
            library="default.py">
        <provides>video</provides>
  </extension>
  <extension point="xbmc.addon.metadata">
    <summary lang="en">LuckyTv Plugin</summary>
    <language>en</language>
    <description lang="en">*** Enjoy ***</description>
     <platform>all</platform>
  </extension>
</addon>
