<?xml version="1.0" encoding="UTF-8"?>
    <addon id="repository.luckytv" name="LuckyTv Repo" version="0.1.0" provider-name="LuckyTv">
        <requires>
            <import addon="xbmc.addon" version="12.0.0"/>
        </requires>
        <extension point="xbmc.addon.repository" name="LuckyTv Repo">
            <info compressed="false">https://raw.githubusercontent.com/luckytv/luckytv/master/_download/LuckyTv/addons.xml</info>
            <checksum>https://raw.githubusercontent.com/luckytv/luckytv/master/_download/LuckyTv/addons.xml.md5</checksum>
            <datadir zip="true">http://archive.org/_download/LuckyTv/</datadir>
            <hashes>false</hashes>
        </extension>
        <extension point="xbmc.addon.metadata">
            <summary>LuckyTv Repository</summary>
            <description>LuckyTv Repository for Kodi San Antonio Addons</description>
            <platform>all</platform>
    </extension>
</addon>