<?xml version="1.0" encoding="UTF-8"?>
<addon id="repository.luckytv" name="[COLOR blue]LuckyTv Addon Repo[/COLOR]" version="0.1.2" provider-name="LuckyTv">
        <requires>
            <import addon="xbmc.addon" version="12.0.0"/>
        </requires>
        <extension point="xbmc.addon.repository" name="[COLOR blue]LuckyTv Addon Repo[/COLOR]">
		<dir>
            <info compressed="false">https://raw.githubusercontent.com/luckytv/luckytv/master/_repo/addons.xml</info>
            <checksum>https://raw.githubusercontent.com/luckytv/luckytv/master/_repo/addons.xml.md5</checksum>
            <datadir zip="true">https://raw.githubusercontent.com/luckytv/luckytv/master/_repo/</datadir>
		</dir>
		<dir>
			<info compressed="false">https://raw.githubusercontent.com/totalrevolution/python-koding/master/zips/addons.xml</info>
			<checksum>https://raw.githubusercontent.com/totalrevolution/python-koding/master/zips/addons.xml.md5</checksum>
			<datadir zip="true">https://raw.githubusercontent.com/totalrevolution/python-koding/master/zips/</datadir>
		</dir>
        </extension>
        <extension point="xbmc.addon.metadata">
            <summary>LuckyTv Repository to Install Lucky Tv Builds and Apks</summary>
            <description>LuckyTv Repo</description>
            <platform>all</platform>
    </extension>
</addon>


